Unnamed: 0,oid,expid,hjd,mjd,mag,magerr,catflags,filtercode,ra,dec,chi,sharp,filefracday,field,ccdid,qid,limitmag,magzp,magzprms,clrcoeff,clrcounc,exptime,airmass,programid
0,787113300011729,85215843,2458606.6589587573,58606.1584375,21.5495834,0.299956083,0,zg,163.1552352,57.5174945,0.949999988,-0.296999991,20190503158414,787,0xd,0x3,21.8199997,26.2144279,0.0326965675,-0.0449054986,2.72148118e-05,30,1.07500005,3
1,787113300011729,122316383,2458977.6639553388,58977.163831,19.7985229,0.124226369,32768,zg,163.1555645,57.5178995,0.294999987,0.063000001,20200508163831,787,0xd,0x3,19.9400005,25.6626682,0.0450371206,-0.0280013345,0.000126488492,30,1.08299994,3
2,787113300011729,122417469,2458978.674753664,58978.1746991,22.0318146,0.347097635,0,zg,163.1561163,57.5176362,0.365999997,0.275999993,20200509174676,787,0xd,0x3,22.0100002,26.3514023,0.045746617,-0.0930852592,5.2991425e-05,30,1.09300005,3
