Unnamed: 0,oid,expid,hjd,mjd,mag,magerr,catflags,filtercode,ra,dec,chi,sharp,filefracday,field,ccdid,qid,limitmag,magzp,magzprms,clrcoeff,clrcounc,exptime,airmass,programid
0,1241102200004569,176722850,2459521.7322579287,59521.2285069,20.6821022,0.150022268,0,zg,12.8284237,-30.0905455,0.610000014,-0.197999999,20211103228495,1241,0x2,0x2,21.2700005,26.2251873,0.0387654305,-0.0677147135,0.000184528399,30,2.05900002,2
1,1241102200004569,177124136,2459525.744876204,59525.2413657,20.732214,0.152117848,0,zg,12.8283137,-30.0905318,0.317000002,-0.061999999,20211107241366,1241,0x2,0x2,21.3700008,26.2191563,0.0406305455,-0.0770693049,0.000188634775,30,2.05800009,2
