Unnamed: 0,oid,expid,hjd,mjd,mag,magerr,catflags,filtercode,ra,dec,chi,sharp,filefracday,field,ccdid,qid,limitmag,magzp,magzprms,clrcoeff,clrcounc,exptime,airmass,programid
0,1243108300007508,138131005,2459135.814788966,59135.3100579,20.9054756,0.158186406,0,zg,23.9531436,-29.5042708,0.374000013,-0.064000003,20201013310058,1243,0x8,0x3,21.3600006,26.0444031,0.0314380042,-0.0537238941,3.03277793e-05,30,2.11800003,3
1,1243108300007508,139128944,2459145.793943054,59145.2894444,20.8091488,0.155953705,0,zg,23.9533177,-29.5042124,0.716000021,-0.0320000015,20201023289421,1243,0x8,0x3,21.5599995,26.1075268,0.0336723812,-0.0644044355,3.37980564e-05,30,2.08200002,2
2,1243108300007508,170643037,2459460.934675973,59460.4303704,20.4266071,0.155578747,0,zg,23.9533575,-29.5042411,0.764999986,-0.222000003,20210903430359,1243,0x8,0x3,21.0400009,26.1151333,0.0491921492,-0.0687505826,7.61649935e-05,30,2.07200003,2
3,1243108300007508,173534593,2459489.850768436,59489.3459375,20.8106499,0.155988514,0,zg,23.9532392,-29.5043743,1.03900003,-0.538999975,20211002345926,1243,0x8,0x3,21.0599995,26.0275345,0.0410419069,-0.0552591905,5.21917464e-05,30,2.08599997,2
4,1243108300007508,176428557,2459518.7898081406,59518.2855787,20.6782494,0.15291968,0,zg,23.953284,-29.5043737,1.44500005,0.423000008,20211031285579,1243,0x8,0x3,21.5900002,26.148035,0.031037949,-0.0593715385,2.86714003e-05,30,2.05200005,2
