Unnamed: 0,oid,expid,hjd,mjd,mag,magerr,catflags,filtercode,ra,dec,chi,sharp,filefracday,field,ccdid,qid,limitmag,magzp,magzprms,clrcoeff,clrcounc,exptime,airmass,programid
0,1241107400006155,139124918,2459145.7535020816,59145.2491898,20.8183613,0.16021663,0,zg,11.4813716,-29.4881667,0.852999985,-0.164000005,20201023249190,1241,0x7,0x4,21.1200008,26.1228504,0.0353538953,-0.0983282924,4.6789537e-05,30,2.0769999,3
1,1241107400006155,171243673,2459466.9417878124,59466.4367361,20.4948997,0.147447884,0,zg,11.4816173,-29.4883003,0.741999984,-0.234999999,20210909436725,1241,0x7,0x4,20.8400002,25.9865265,0.0362670794,-0.0796911418,5.26540243e-05,30,2.18700004,2
2,1241107400006155,176428844,2459518.7923598634,59518.2884491,21.035696,0.168976963,0,zg,11.4817051,-29.488556,0.777999997,-0.324999988,20211031288438,1241,0x7,0x4,21.4599991,26.1370716,0.0326145664,-0.0957266316,3.54684926e-05,30,2.15100002,2
3,1241107400006155,176722850,2459521.7322476963,59521.2285069,20.9275799,0.164619029,0,zg,11.4816802,-29.4883998,0.846000016,0.0590000004,20211103228495,1241,0x7,0x4,21.2600002,26.1508904,0.0373044126,-0.0923256576,4.72197789e-05,30,2.05900002,2
4,1241107400006155,204247658,2459796.980309417,59796.4765856,20.7951431,0.159280777,0,zg,11.4814957,-29.4882081,0.382999986,0.063000001,20220805476505,1241,0x7,0x4,21.2399998,25.9946308,0.0362024978,-0.0994538367,4.83574549e-05,30,2.05599999,2
5,1241107400006155,205641719,2459810.921632,59810.4171991,20.2666206,0.148432195,32768,zg,11.4816846,-29.4882818,0.774999976,-0.441000015,20220819417002,1241,0x7,0x4,20.4099998,25.8491764,0.0380878188,-0.064858377,7.13236805e-05,30,2.11199999,2
6,1241107400006155,205742716,2459811.931640015,59811.4271644,20.5415688,0.149059653,0,zg,11.4813988,-29.4882557,0.638000011,-0.112000003,20220820427153,1241,0x7,0x4,20.4899998,25.9911652,0.0374557227,-0.0803028941,6.66407141e-05,30,2.0710001,2
