Unnamed: 0,oid,expid,hjd,mjd,mag,magerr,catflags,filtercode,ra,dec,chi,sharp,filefracday,field,ccdid,qid,limitmag,magzp,magzprms,clrcoeff,clrcounc,exptime,airmass,programid
0,1243106100001281,138130958,2459135.8143328223,59135.3095833,20.5745907,0.162567466,0,zg,28.8812866,-28.2143967,0.869000018,-0.152999997,20201013309583,1243,0x6,0x1,21.4300003,26.0743237,0.0528007261,-0.114528649,9.06229252e-05,30,2.11899996,2
1,1243106100001281,138131005,2459135.8148074164,59135.3100579,20.7728615,0.165868998,0,zg,28.8813521,-28.2144088,1.50399995,0.105999999,20201013310058,1243,0x6,0x1,21.4500008,26.0775986,0.0505437292,-0.0972406268,8.4239844e-05,30,2.11800003,3
2,1243106100001281,139128944,2459145.7940381253,59145.2894444,20.7726402,0.165865332,32768,zg,28.8812227,-28.2143861,0.559000015,0.0689999983,20201023289421,1243,0x6,0x1,21.6299992,26.1630039,0.0696109384,-0.197496459,0.000153756657,30,2.08200002,2
3,1243106100001281,139128991,2459145.7945127194,59145.289919,20.8967628,0.167932183,32768,zg,28.8810121,-28.2143175,0.68599999,-0.0610000007,20201023289907,1243,0x6,0x1,21.6599998,26.1541271,0.0697528347,-0.172013119,0.000155299014,30,2.08100009,3
4,1243106100001281,170643037,2459460.934403379,59460.4303704,20.4434834,0.169181406,0,zg,28.8812546,-28.214541,1.00899994,-0.172999993,20210903430359,1243,0x6,0x1,21.2299995,26.1436367,0.0533790663,-0.115791731,9.20752209e-05,30,2.07200003,2
5,1243106100001281,170643083,2459460.934866301,59460.4308333,20.6196613,0.163317949,0,zg,28.8812652,-28.2143989,0.987999976,-0.129999995,20210903430833,1243,0x6,0x1,21.1800003,26.1398144,0.0568047315,-0.121692829,0.000103720151,30,2.0710001,3
6,1243106100001281,171243484,2459466.9391192845,59466.4348495,20.5068531,0.161439508,0,zg,28.8813433,-28.2142361,1.051,-0.231999993,20210909434850,1243,0x6,0x1,21.2000008,26.0581551,0.0452650562,-0.10533224,6.74226685e-05,30,2.05100012,2
