,oid,expid,hjd,mjd,mag,magerr,catflags,filtercode,ra,dec,chi,sharp,filefracday,field,ccdid,qid,limitmag,magzp,magzprms,clrcoeff,clrcounc,exptime,airmass,programid
0,1241203100005551,171436327,2459468.868304065,59468.3632755,20.3566322,0.175370768,0,zr,11.7559096,-30.4806001,0.981000006,0.120999999,20210911363206,1241,0x3,0x1,21.1700001,26.1392117,0.0253616162,0.082092911,0.000451395375,30,2.07999992,2
1,1241203100005551,171644571,2459470.950766647,59470.4457176,20.1546936,0.168365866,0,zr,11.7557077,-30.4806342,1.07200003,-0.246000007,20210913445718,1241,0x3,0x1,20.75,26.1452141,0.0173761006,0.0555011779,0.000263991504,30,2.35100007,2
2,1241203100005551,173033230,2459484.8373313295,59484.3323032,20.1290665,0.167019933,0,zr,11.755856,-30.4806957,0.987999976,0.0560000017,20210927332268,1241,0x3,0x1,20.9799995,26.1628208,0.0258807242,0.0865389779,0.000545578427,30,2.05500007,2
3,1241203100005551,177622824,2459530.7313536145,59530.2282407,19.6886559,0.136602804,0,zr,11.7560393,-30.480998,1.028,-0.208000004,20211112228194,1241,0x3,0x1,19.9500008,26.2542229,0.03335087,0.1095443,0.000869627926,30,2.05900002,2
