,oid,expid,hjd,mjd,mag,magerr,catflags,filtercode,ra,dec,chi,sharp,filefracday,field,ccdid,qid,limitmag,magzp,magzprms,clrcoeff,clrcounc,exptime,airmass,programid
0,1241106200000992,139124918,2459145.753611956,59145.2491898,20.7037773,0.171443403,0,zg,12.7633612,-28.2231816,0.867999971,-0.411000013,20201023249190,1241,0x6,0x2,21.1599998,26.1104565,0.0423363894,-0.104894228,7.0422102e-05,30,2.0769999,3
1,1241106200000992,170643271,2459460.937641021,59460.4327199,20.7350597,0.1728912,0,zg,12.7636029,-28.2232994,1.04499996,-0.188999996,20210903432720,1241,0x6,0x2,21.1399994,26.1049767,0.0507988818,-0.0981879756,0.000104865234,30,2.09100008,3
2,1241106200000992,171243673,2459466.941786866,59466.4367361,20.618927,0.16751653,0,zg,12.7634279,-28.2231905,0.691999972,0.0390000008,20210909436725,1241,0x6,0x2,20.8799992,25.9870033,0.0427644737,-0.0661238506,7.847909e-05,30,2.18700004,2
3,1241106200000992,173731118,2459491.816217482,59491.3111806,20.6839676,0.170526624,0,zg,12.7634751,-28.2233889,0.805000007,-0.268999994,20211004311169,1241,0x6,0x2,20.8799992,26.0066833,0.0440111794,-0.067461513,8.25837051e-05,30,2.05800009,2
