Unnamed: 0,oid,expid,hjd,mjd,mag,magerr,catflags,filtercode,ra,dec,chi,sharp,filefracday,field,ccdid,qid,limitmag,magzp,magzprms,clrcoeff,clrcounc,exptime,airmass,programid
0,1243106100007296,138131005,2459135.8147793226,59135.3100579,20.8170261,0.166604429,0,zg,29.1006887,-28.6335502,0.847000003,-0.189999998,20201013310058,1243,0x6,0x1,21.4500008,26.0775986,0.0505437292,-0.0972406268,8.4239844e-05,30,2.11800003,3
1,1243106100007296,139128944,2459145.7940108306,59145.2894444,20.9473362,0.168774307,32768,zg,29.1008454,-28.6333059,1.18299997,-0.0430000015,20201023289421,1243,0x6,0x1,21.6299992,26.1630039,0.0696109384,-0.197496459,0.000153756657,30,2.08200002,2
2,1243106100007296,139128991,2459145.7944854014,59145.289919,20.9874039,0.169441521,32768,zg,29.1003861,-28.6336058,0.497999996,0.00100000005,20201023289907,1243,0x6,0x1,21.6599998,26.1541271,0.0697528347,-0.172013119,0.000155299014,30,2.08100009,3
3,1243106100007296,141424556,2459168.749292572,59168.2455671,20.7198162,0.164985716,0,zg,29.1004798,-28.6334367,0.704999983,-0.25,20201115245567,1243,0x6,0x1,21.1499996,26.1952591,0.0437848978,-0.0932128727,6.29489296e-05,30,2.05200005,2
4,1243106100007296,171243484,2459466.9390946687,59466.4348495,20.9258213,0.168416053,0,zg,29.1009046,-28.6336931,0.606000006,-0.0860000029,20210909434850,1243,0x6,0x1,21.2000008,26.0581551,0.0452650562,-0.10533224,6.74226685e-05,30,2.05100012,2
5,1243106100007296,173441230,2459488.9170313454,59488.4123032,20.6587753,0.163969278,0,zg,29.1007118,-28.6335934,0.755999982,-0.0199999996,20211001412292,1243,0x6,0x1,20.8700008,26.1261387,0.0389975756,-0.072082378,5.51788289e-05,30,2.15199995,2
6,1243106100007296,176428557,2459518.7899346338,59518.2855787,20.665308,0.164078057,32768,zg,29.1006363,-28.6335562,1.01400006,0.0710000023,20211031285579,1243,0x6,0x1,21.6700001,26.2040806,0.0628845394,-0.170814842,0.000128081287,30,2.05200005,2
