Unnamed: 0,oid,expid,hjd,mjd,mag,magerr,catflags,filtercode,ra,dec,chi,sharp,filefracday,field,ccdid,qid,limitmag,magzp,magzprms,clrcoeff,clrcounc,exptime,airmass,programid
0,1241106100001089,173534788,2459489.852941592,59489.3478819,20.5110817,0.159019411,0,zg,14.1948583,-28.2141462,0.842000008,-0.128999993,20211002347870,1241,0x6,0x1,21.0400009,26.0637665,0.0440069363,-0.07194525,9.14557168e-05,30,2.07399988,2
1,1241106100001089,176722850,2459521.7324288767,59521.2285069,20.8814106,0.174238265,0,zg,14.1948618,-28.2143501,0.510999978,0.0219999999,20211103228495,1241,0x6,0x1,21.2600002,26.1740074,0.0480541922,-0.0935011357,0.000104391082,30,2.05900002,2
2,1241106100001089,177124136,2459525.7450539307,59525.2413657,20.8535442,0.173093081,32768,zg,14.1946977,-28.2142886,1.09300005,-0.236000001,20211107241366,1241,0x6,0x1,21.4899998,26.1882534,0.0481560864,-0.128630847,9.97255047e-05,30,2.05800009,2
