Unnamed: 0,oid,expid,hjd,mjd,mag,magerr,catflags,filtercode,ra,dec,chi,sharp,filefracday,field,ccdid,qid,limitmag,magzp,magzprms,clrcoeff,clrcounc,exptime,airmass,programid
0,1241105300001148,139124871,2459145.75314198,59145.2487153,20.7114124,0.16458571,0,zg,15.3742365,-29.0050635,1.15400004,0.0890000015,20201023248715,1241,0x5,0x3,21.0900002,26.1108952,0.033731591,-0.0620503575,4.384153e-05,30,2.07800007,2
1,1241105300001148,139124918,2459145.7536164685,59145.2491898,20.54809,0.156862199,0,zg,15.3742367,-29.0049337,0.913999975,0.00100000005,20201023249190,1241,0x5,0x3,21.1299992,26.1175575,0.0337042734,-0.0643953532,4.5305027e-05,30,2.0769999,3
2,1241105300001148,170643271,2459460.937496512,59460.4327199,20.6869202,0.163427472,0,zg,15.3740675,-29.0049094,1.33399999,-0.58099997,20210903432720,1241,0x5,0x3,20.8999996,26.1087074,0.0404863767,-0.0571619533,6.63825776e-05,30,2.09100008,3
3,1241105300001148,171243673,2459466.9416565704,59466.4367361,20.3216839,0.154270351,0,zg,15.3742394,-29.0050352,0.578999996,0.0540000014,20210909436725,1241,0x5,0x3,20.8500004,26.00737,0.037410304,-0.0578764565,5.73578836e-05,30,2.18700004,2
4,1241105300001148,173534788,2459489.852887587,59489.3478819,20.5505905,0.156980455,0,zg,15.3740387,-29.005118,0.885999978,-0.112999998,20211002347870,1241,0x5,0x3,21.0,26.0515976,0.0396809541,-0.0700045153,6.15329845e-05,30,2.07399988,2
5,1241105300001148,176428844,2459518.792514781,59518.2884491,20.8162327,0.16954267,0,zg,15.3741495,-29.0050466,0.698000014,-0.0540000014,20211031288438,1241,0x5,0x3,21.4899998,26.1662064,0.0417614095,-0.103551254,6.36528493e-05,30,2.15100002,2
6,1241105300001148,177124136,2459525.7450481374,59525.2413657,20.693861,0.163755715,0,zg,15.3742572,-29.0051657,0.805000007,-0.0700000003,20211107241366,1241,0x5,0x3,21.3899994,26.1707859,0.0395196751,-0.0755808949,5.8339403e-05,30,2.05800009,2
7,1241105300001148,204247658,2459796.9800266563,59796.4765856,20.7620697,0.16698128,0,zg,15.3739775,-29.005065,1.32700002,0.223000005,20220805476505,1241,0x5,0x3,21.2800007,26.0062809,0.0394243859,-0.0778972581,5.79646112e-05,30,2.05599999,2
8,1241105300001148,205841160,2459812.915901063,59812.4116088,20.3744278,0.155118465,0,zg,15.3740162,-29.0051765,1.00699997,-0.314999998,20220821411458,1241,0x5,0x3,20.8899994,25.9728394,0.0341973417,-0.0294980574,4.9345661e-05,30,2.11299992,2
