,oid,expid,hjd,mjd,mag,magerr,catflags,filtercode,ra,dec,chi,sharp,filefracday,field,ccdid,qid,limitmag,magzp,magzprms,clrcoeff,clrcounc,exptime,airmass,programid
0,202112100000622,170541847,2459459.9229089166,59459.4184722,20.922226,0.192889035,0,zg,20.8771224,-29.8112062,0.782000005,-0.356999993,20210902418333,202,0xc,0x1,20.8600006,26.1199837,0.0314376988,-0.0132668968,0.000564046437,30,2.35599995,1
1,202112100000622,176929442,2459523.7983366954,59523.2944213,21.1755581,0.205496609,0,zg,20.8776152,-29.8108887,0.77700001,-0.256999999,20211105294410,202,0xc,0x1,21.2199993,26.2488632,0.052756127,-0.0944481641,0.00151588069,30,2.36999989,1
2,202112100000622,208735490,2459841.8597400505,59841.3549074,20.8545361,0.189520299,0,zg,20.8775433,-29.8112665,0.813000023,-0.184,20220919354803,202,0xc,0x1,21.0,26.1630878,0.0334773883,0.00205835188,0.000655304233,30,2.44899988,1
3,202112100000622,212625107,2459880.7553646066,59880.2510764,20.7810135,0.18586129,0,zg,20.8776465,-29.8110878,0.822000027,0.112999998,20221028250903,202,0xc,0x1,20.9500008,26.2170029,0.0454175547,-0.0952708423,0.00112348364,30,2.43099999,1
4,202112100000622,245239656,2460206.9013924534,60206.3965625,20.7816315,0.185892045,0,zg,20.8776152,-29.810951,1.04499996,-0.31099999,20230919396354,202,0xc,0x1,21.0599995,26.2428627,0.0436017103,-0.103390075,0.00103544316,30,2.31200004,1
