,oid,expid,hjd,mjd,mag,magerr,catflags,filtercode,ra,dec,chi,sharp,filefracday,field,ccdid,qid,limitmag,magzp,magzprms,clrcoeff,clrcounc,exptime,airmass,programid
0,1241101200000374,170643225,2459460.9370091194,59460.4322569,20.3965263,0.149887279,0,zg,15.3242323,-29.8968002,0.256999999,-0.0680000037,20210903432245,1241,0x1,0x2,21.1499996,26.0961933,0.0368052907,-0.0764113218,0.000325530564,30,2.08899999,2
1,1241101200000374,170643271,2459460.9374721404,59460.4327199,20.3353443,0.148170277,0,zg,15.3240419,-29.8968086,0.915000021,0.116999999,20210903432720,1241,0x1,0x2,20.9300003,26.0730076,0.0427402854,-0.00285299541,0.000421294186,30,2.09100008,3
2,1241101200000374,171243673,2459466.941626559,59466.4367361,20.3481789,0.14857702,0,zg,15.3238724,-29.8970876,0.437000006,0.0430000015,20210909436725,1241,0x1,0x2,20.8999996,25.973732,0.0396794975,-0.0361808836,0.000402541453,30,2.18700004,2
3,1241101200000374,173731118,2459491.816109339,59491.3111806,20.1400681,0.139648929,0,zg,15.3241338,-29.8969035,0.824000001,-0.234999999,20211004311169,1241,0x1,0x2,20.9099998,25.9928322,0.0387066714,-0.0417007096,0.000362391962,30,2.05800009,2
4,1241101200000374,176428844,2459518.7924544094,59518.2884491,20.387888,0.149680346,0,zg,15.3240827,-29.8969642,1.04100001,-0.202000007,20211031288438,1241,0x1,0x2,21.5,26.1616631,0.0280928425,-0.07042896,0.000180117611,30,2.15100002,2
5,1241101200000374,177124136,2459525.744987031,59525.2413657,20.52248,0.152413964,0,zg,15.3240579,-29.8968685,0.81099999,0.150000006,20211107241366,1241,0x1,0x2,21.4400005,26.1692314,0.0298685003,-0.0629944056,0.000202278374,30,2.05800009,2
6,1241101200000374,204247658,2459796.980032184,59796.4765856,20.3483772,0.148583114,0,zg,15.3241874,-29.8969382,0.569999993,0.0529999994,20220805476505,1241,0x1,0x2,21.2700005,25.9890232,0.0333944522,-0.0764168352,0.00026805274,30,2.05599999,2
7,1241101200000374,205841160,2459812.9158899807,59812.4116088,20.4064407,0.150109351,0,zg,15.3240667,-29.8968869,0.850000024,0.216999993,20220821411458,1241,0x1,0x2,20.9799995,26.0169773,0.0391450971,-0.0786820725,0.000367333938,30,2.11299992,2
