Unnamed: 0,oid,expid,hjd,mjd,mag,magerr,catflags,filtercode,ra,dec,chi,sharp,filefracday,field,ccdid,qid,limitmag,magzp,magzprms,clrcoeff,clrcounc,exptime,airmass,programid
0,248103300004918,61737600,2458371.880697425,58371.3760069,21.3002739,0.244581819,0,zg,21.9278925,-27.4974219,0.625999987,-0.231999993,20180910375451,248,0x3,0x3,21.4400005,26.1262302,0.0340998173,-0.0640922412,4.44597717e-05,30,1.96200001,1
1,248103300004918,95245930,2458706.962603718,58706.4593056,20.8629456,0.212487102,0,zg,21.9274619,-27.4974292,0.873000026,0.0410000011,20190811459132,248,0x3,0x3,21.0200005,26.067873,0.0431668609,-0.116123281,7.46122969e-05,30,1.95200002,1
