Unnamed: 0,oid,expid,hjd,mjd,mag,magerr,catflags,filtercode,ra,dec,chi,sharp,filefracday,field,ccdid,qid,limitmag,magzp,magzprms,clrcoeff,clrcounc,exptime,airmass,programid
0,1243108400005703,138130958,2459135.8143245727,59135.3095833,20.8020706,0.160218388,0,zg,24.982922,-29.184816,0.483999997,-0.233999997,20201013309583,1243,0x8,0x4,21.3600006,26.0434265,0.0342141502,-0.063379243,3.65205815e-05,30,2.11899996,2
1,1243108400005703,138131005,2459135.814799166,59135.3100579,20.8210335,0.160770923,0,zg,24.9830267,-29.184795,0.865999997,0.0689999983,20201013310058,1243,0x8,0x4,21.3999996,26.0323887,0.0317124575,-0.058771126,3.09307979e-05,30,2.11800003,3
2,1243108400005703,139128944,2459145.7939693304,59145.2894444,21.0669518,0.167936534,0,zg,24.983288,-29.1849673,0.958000004,-0.326000005,20201023289421,1243,0x8,0x4,21.5799999,26.1034851,0.0324120522,-0.0840976909,3.14045719e-05,30,2.08200002,2
3,1243108400005703,139128991,2459145.794443927,59145.289919,21.0819931,0.168374807,0,zg,24.9830179,-29.1848039,0.591000021,-0.128000006,20201023289907,1243,0x8,0x4,21.6000004,26.0995464,0.0303190239,-0.0800194666,2.6999327e-05,30,2.08100009,3
4,1243108400005703,141424603,2459168.749580756,59168.2460301,20.302639,0.160785303,0,zg,24.982914,-29.184786,0.89200002,0.138999999,20201115246030,1243,0x8,0x4,21.0200005,26.1487103,0.0408774465,-0.0587052926,5.33054772e-05,30,2.05200005,3
5,1243108400005703,142020877,2459174.71197458,59174.2087731,20.6112213,0.154657394,32768,zg,24.9830152,-29.1848052,0.773999989,-0.363999993,20201121208773,1243,0x8,0x4,20.6000004,25.9621487,0.0474936403,-0.0512438305,8.70878066e-05,30,2.08699989,3
6,1243108400005703,176428557,2459518.7898463947,59518.2855787,20.7801685,0.159580201,0,zg,24.9829921,-29.1847642,0.889999986,-0.167999998,20211031285579,1243,0x8,0x4,21.6200008,26.1451664,0.0319053605,-0.0795779973,3.05982358e-05,30,2.05200005,2
